{
  "id": "2396224",
  "name": "coffeebean",
  "font_family": "iconfont",
  "css_prefix_text": "icon-",
  "description": "",
  "glyphs": [
    {
      "icon_id": "3836542",
      "name": "钱包",
      "font_class": "qianbao",
      "unicode": "e7d2",
      "unicode_decimal": 59346
    },
    {
      "icon_id": "17814564",
      "name": "钱包 (1)",
      "font_class": "qianbao1",
      "unicode": "e61e",
      "unicode_decimal": 58910
    },
    {
      "icon_id": "1240088",
      "name": "纸张",
      "font_class": "zhizhang",
      "unicode": "e60d",
      "unicode_decimal": 58893
    },
    {
      "icon_id": "3640183",
      "name": "客服",
      "font_class": "kefu2",
      "unicode": "e60c",
      "unicode_decimal": 58892
    },
    {
      "icon_id": "9169986",
      "name": "客服",
      "font_class": "kefu",
      "unicode": "e6b3",
      "unicode_decimal": 59059
    },
    {
      "icon_id": "17967643",
      "name": "客服",
      "font_class": "kefu1",
      "unicode": "eeb4",
      "unicode_decimal": 61108
    },
    {
      "icon_id": "1301356",
      "name": "表情",
      "font_class": "biaoqing2",
      "unicode": "e659",
      "unicode_decimal": 58969
    },
    {
      "icon_id": "2084131",
      "name": "表情",
      "font_class": "biaoqing",
      "unicode": "e650",
      "unicode_decimal": 58960
    },
    {
      "icon_id": "15463128",
      "name": "表情,兴奋,emjoy,激动",
      "font_class": "biaoqing-xingfen-emjoy",
      "unicode": "e61d",
      "unicode_decimal": 58909
    },
    {
      "icon_id": "17223999",
      "name": "表情",
      "font_class": "biaoqing1",
      "unicode": "e61f",
      "unicode_decimal": 58911
    },
    {
      "icon_id": "2006729",
      "name": "图片",
      "font_class": "tupian",
      "unicode": "e63c",
      "unicode_decimal": 58940
    },
    {
      "icon_id": "5879030",
      "name": "图片",
      "font_class": "tupian1",
      "unicode": "e625",
      "unicode_decimal": 58917
    },
    {
      "icon_id": "6683158",
      "name": "图片",
      "font_class": "tupian2",
      "unicode": "e618",
      "unicode_decimal": 58904
    },
    {
      "icon_id": "5342976",
      "name": "前进",
      "font_class": "xingzhuanggongnengtubiao_huaban",
      "unicode": "e61c",
      "unicode_decimal": 58908
    },
    {
      "icon_id": "2861507",
      "name": "前进",
      "font_class": "qianjin",
      "unicode": "e635",
      "unicode_decimal": 58933
    },
    {
      "icon_id": "4867080",
      "name": "前进",
      "font_class": "qianjin1",
      "unicode": "e651",
      "unicode_decimal": 58961
    },
    {
      "icon_id": "7677933",
      "name": "前进",
      "font_class": "qianjin2",
      "unicode": "e617",
      "unicode_decimal": 58903
    },
    {
      "icon_id": "1317802",
      "name": "沟通页_左箭头_返回",
      "font_class": "goutongye_zuojiantou_fanhui",
      "unicode": "e637",
      "unicode_decimal": 58935
    },
    {
      "icon_id": "5922097",
      "name": "列表返回",
      "font_class": "liebiaofanhui",
      "unicode": "e60a",
      "unicode_decimal": 58890
    },
    {
      "icon_id": "7091373",
      "name": "返回顶部",
      "font_class": "fanhuidingbu",
      "unicode": "e62d",
      "unicode_decimal": 58925
    },
    {
      "icon_id": "7418",
      "name": "返回",
      "font_class": "fanhui",
      "unicode": "e600",
      "unicode_decimal": 58880
    },
    {
      "icon_id": "4922508",
      "name": "返回",
      "font_class": "back",
      "unicode": "e6b1",
      "unicode_decimal": 59057
    },
    {
      "icon_id": "1244719",
      "name": "不喜欢",
      "font_class": "buxihuan",
      "unicode": "e608",
      "unicode_decimal": 58888
    },
    {
      "icon_id": "14488447",
      "name": "不喜欢",
      "font_class": "ziyuan173",
      "unicode": "e777",
      "unicode_decimal": 59255
    },
    {
      "icon_id": "1642001",
      "name": "心碎",
      "font_class": "broken-heart",
      "unicode": "e6b0",
      "unicode_decimal": 59056
    },
    {
      "icon_id": "5266320",
      "name": "健身-心碎-心率-心脏-heart-he",
      "font_class": "jianshen-xinsui-xinshuai-xinzang-heart-he",
      "unicode": "e664",
      "unicode_decimal": 58980
    },
    {
      "icon_id": "1066975",
      "name": "语音",
      "font_class": "Voice",
      "unicode": "e62e",
      "unicode_decimal": 58926
    },
    {
      "icon_id": "3745060",
      "name": "语音",
      "font_class": "icon-test2",
      "unicode": "e626",
      "unicode_decimal": 58918
    },
    {
      "icon_id": "5343474",
      "name": "语音",
      "font_class": "xingzhuanggongnengtubiao-",
      "unicode": "e622",
      "unicode_decimal": 58914
    },
    {
      "icon_id": "15779819",
      "name": "语音",
      "font_class": "yuyin",
      "unicode": "e713",
      "unicode_decimal": 59155
    },
    {
      "icon_id": "748052",
      "name": "筛选",
      "font_class": "shaixuan",
      "unicode": "e63b",
      "unicode_decimal": 58939
    },
    {
      "icon_id": "14470208",
      "name": "筛选",
      "font_class": "shaixuan1",
      "unicode": "e641",
      "unicode_decimal": 58945
    },
    {
      "icon_id": "15546832",
      "name": "筛选",
      "font_class": "shaixuan2",
      "unicode": "e6af",
      "unicode_decimal": 59055
    },
    {
      "icon_id": "732716",
      "name": "选中",
      "font_class": "xuanzhong",
      "unicode": "e61a",
      "unicode_decimal": 58906
    },
    {
      "icon_id": "11594391",
      "name": "选中",
      "font_class": "xuanzhong1",
      "unicode": "e6b2",
      "unicode_decimal": 59058
    },
    {
      "icon_id": "12382609",
      "name": "选中",
      "font_class": "xuanzhong2",
      "unicode": "e6ae",
      "unicode_decimal": 59054
    },
    {
      "icon_id": "3896755",
      "name": "闹钟",
      "font_class": "naozhong",
      "unicode": "e6ad",
      "unicode_decimal": 59053
    },
    {
      "icon_id": "5002463",
      "name": "闹钟",
      "font_class": "naozhong1",
      "unicode": "e633",
      "unicode_decimal": 58931
    },
    {
      "icon_id": "10715431",
      "name": "闹钟",
      "font_class": "naozhong2",
      "unicode": "e634",
      "unicode_decimal": 58932
    },
    {
      "icon_id": "11754764",
      "name": "闹钟",
      "font_class": "V",
      "unicode": "e6f6",
      "unicode_decimal": 59126
    },
    {
      "icon_id": "3745049",
      "name": "相机",
      "font_class": "icon-test1",
      "unicode": "e623",
      "unicode_decimal": 58915
    },
    {
      "icon_id": "11177724",
      "name": "相机",
      "font_class": "ziyuan",
      "unicode": "e620",
      "unicode_decimal": 58912
    },
    {
      "icon_id": "12899641",
      "name": "相机",
      "font_class": "xiangji",
      "unicode": "e616",
      "unicode_decimal": 58902
    },
    {
      "icon_id": "4884753",
      "name": "关闭",
      "font_class": "guanbi",
      "unicode": "e607",
      "unicode_decimal": 58887
    },
    {
      "icon_id": "11893488",
      "name": "关闭",
      "font_class": "guanbi1",
      "unicode": "e615",
      "unicode_decimal": 58901
    },
    {
      "icon_id": "19594561",
      "name": "关闭",
      "font_class": "close",
      "unicode": "e6ac",
      "unicode_decimal": 59052
    },
    {
      "icon_id": "1643507",
      "name": "个人中心_我的收藏",
      "font_class": "gerenzhongxin_wodeshoucang",
      "unicode": "e6aa",
      "unicode_decimal": 59050
    },
    {
      "icon_id": "1643516",
      "name": "个人信息_直系关系",
      "font_class": "gerenxinxi_zhixiguanxi",
      "unicode": "e6ab",
      "unicode_decimal": 59051
    },
    {
      "icon_id": "8138385",
      "name": "联系人",
      "font_class": "CONTACT",
      "unicode": "e602",
      "unicode_decimal": 58882
    },
    {
      "icon_id": "5440909",
      "name": "人字拖",
      "font_class": "renzituo",
      "unicode": "e6d5",
      "unicode_decimal": 59093
    },
    {
      "icon_id": "17274994",
      "name": "人",
      "font_class": "men",
      "unicode": "e71a",
      "unicode_decimal": 59162
    },
    {
      "icon_id": "3865415",
      "name": "信息",
      "font_class": "xinxi",
      "unicode": "e60b",
      "unicode_decimal": 58891
    },
    {
      "icon_id": "19844900",
      "name": "012-trash-truck",
      "font_class": "012-trash-truck",
      "unicode": "e6a1",
      "unicode_decimal": 59041
    },
    {
      "icon_id": "19844918",
      "name": "022-tree",
      "font_class": "022-tree",
      "unicode": "e6a2",
      "unicode_decimal": 59042
    },
    {
      "icon_id": "19844924",
      "name": "038-recycle-bin-2",
      "font_class": "038-recycle-bin-2",
      "unicode": "e6a3",
      "unicode_decimal": 59043
    },
    {
      "icon_id": "19844926",
      "name": "029-notebook",
      "font_class": "029-notebook",
      "unicode": "e6a4",
      "unicode_decimal": 59044
    },
    {
      "icon_id": "19844927",
      "name": "035-calendar",
      "font_class": "035-calendar",
      "unicode": "e6a5",
      "unicode_decimal": 59045
    },
    {
      "icon_id": "19902702",
      "name": "sea",
      "font_class": "sea",
      "unicode": "e6a6",
      "unicode_decimal": 59046
    },
    {
      "icon_id": "19902713",
      "name": "waterfall-1",
      "font_class": "waterfall-1",
      "unicode": "e6a7",
      "unicode_decimal": 59047
    },
    {
      "icon_id": "19902714",
      "name": "iceberg",
      "font_class": "iceberg",
      "unicode": "e6a8",
      "unicode_decimal": 59048
    },
    {
      "icon_id": "19902718",
      "name": "nuclear-plant",
      "font_class": "nuclear-plant",
      "unicode": "e6a9",
      "unicode_decimal": 59049
    },
    {
      "icon_id": "3050508",
      "name": "定位",
      "font_class": "location",
      "unicode": "e612",
      "unicode_decimal": 58898
    },
    {
      "icon_id": "3755856",
      "name": "爱心",
      "font_class": "aixin",
      "unicode": "e613",
      "unicode_decimal": 58899
    },
    {
      "icon_id": "3895558",
      "name": "定位",
      "font_class": "dingwei",
      "unicode": "e601",
      "unicode_decimal": 58881
    },
    {
      "icon_id": "3921666",
      "name": "定位",
      "font_class": "address",
      "unicode": "e621",
      "unicode_decimal": 58913
    },
    {
      "icon_id": "6275359",
      "name": "定位",
      "font_class": "icon-test",
      "unicode": "e61b",
      "unicode_decimal": 58907
    },
    {
      "icon_id": "6539409",
      "name": "爱心",
      "font_class": "aixin1",
      "unicode": "e67c",
      "unicode_decimal": 59004
    },
    {
      "icon_id": "8288959",
      "name": "爱心",
      "font_class": "aixin2",
      "unicode": "e85c",
      "unicode_decimal": 59484
    },
    {
      "icon_id": "8680132",
      "name": "MBE风格常用图标-定位",
      "font_class": "MBEfenggechangyongtubiao-dingwei",
      "unicode": "e614",
      "unicode_decimal": 58900
    },
    {
      "icon_id": "13205476",
      "name": "爱心",
      "font_class": "aixin3",
      "unicode": "e606",
      "unicode_decimal": 58886
    },
    {
      "icon_id": "14294747",
      "name": "爱心",
      "font_class": "aixin4",
      "unicode": "e619",
      "unicode_decimal": 58905
    },
    {
      "icon_id": "14783505",
      "name": "爱心",
      "font_class": "aixin5",
      "unicode": "e6d3",
      "unicode_decimal": 59091
    },
    {
      "icon_id": "16517965",
      "name": "爱心",
      "font_class": "aixin6",
      "unicode": "e6bc",
      "unicode_decimal": 59068
    },
    {
      "icon_id": "18931150",
      "name": "爱心",
      "font_class": "aixin7",
      "unicode": "e64f",
      "unicode_decimal": 58959
    },
    {
      "icon_id": "19844648",
      "name": "002-drum",
      "font_class": "002-drum",
      "unicode": "e66d",
      "unicode_decimal": 58989
    },
    {
      "icon_id": "19844649",
      "name": "001-confetti",
      "font_class": "001-confetti",
      "unicode": "e66e",
      "unicode_decimal": 58990
    },
    {
      "icon_id": "19844650",
      "name": "005-sakura",
      "font_class": "005-sakura",
      "unicode": "e66f",
      "unicode_decimal": 58991
    },
    {
      "icon_id": "19844658",
      "name": "012-hanami",
      "font_class": "012-hanami",
      "unicode": "e670",
      "unicode_decimal": 58992
    },
    {
      "icon_id": "19844660",
      "name": "009-sakura",
      "font_class": "009-sakura",
      "unicode": "e671",
      "unicode_decimal": 58993
    },
    {
      "icon_id": "19844661",
      "name": "013-park",
      "font_class": "013-park",
      "unicode": "e672",
      "unicode_decimal": 58994
    },
    {
      "icon_id": "19844662",
      "name": "025-fan",
      "font_class": "025-fan",
      "unicode": "e673",
      "unicode_decimal": 58995
    },
    {
      "icon_id": "19844663",
      "name": "010-sakura",
      "font_class": "010-sakura",
      "unicode": "e674",
      "unicode_decimal": 58996
    },
    {
      "icon_id": "19844664",
      "name": "015-park",
      "font_class": "015-park",
      "unicode": "e675",
      "unicode_decimal": 58997
    },
    {
      "icon_id": "19844666",
      "name": "019-hanami",
      "font_class": "019-hanami",
      "unicode": "e676",
      "unicode_decimal": 58998
    },
    {
      "icon_id": "19844667",
      "name": "047-origami",
      "font_class": "047-origami",
      "unicode": "e677",
      "unicode_decimal": 58999
    },
    {
      "icon_id": "19844668",
      "name": "018-picnic",
      "font_class": "018-picnic",
      "unicode": "e678",
      "unicode_decimal": 59000
    },
    {
      "icon_id": "19844669",
      "name": "021-sakura",
      "font_class": "021-sakura",
      "unicode": "e679",
      "unicode_decimal": 59001
    },
    {
      "icon_id": "19844670",
      "name": "042-bubble tea",
      "font_class": "042-bubbletea",
      "unicode": "e67a",
      "unicode_decimal": 59002
    },
    {
      "icon_id": "19844672",
      "name": "017-wagasa",
      "font_class": "017-wagasa",
      "unicode": "e67b",
      "unicode_decimal": 59003
    },
    {
      "icon_id": "19844676",
      "name": "027-geisha",
      "font_class": "027-geisha",
      "unicode": "e67d",
      "unicode_decimal": 59005
    },
    {
      "icon_id": "19844678",
      "name": "026-cosplay",
      "font_class": "026-cosplay",
      "unicode": "e67e",
      "unicode_decimal": 59006
    },
    {
      "icon_id": "19844679",
      "name": "028-camera",
      "font_class": "028-camera",
      "unicode": "e67f",
      "unicode_decimal": 59007
    },
    {
      "icon_id": "19844681",
      "name": "035-tea",
      "font_class": "035-tea",
      "unicode": "e680",
      "unicode_decimal": 59008
    },
    {
      "icon_id": "19844682",
      "name": "033-food stand",
      "font_class": "033-foodstand",
      "unicode": "e681",
      "unicode_decimal": 59009
    },
    {
      "icon_id": "19844688",
      "name": "032-temple",
      "font_class": "032-temple",
      "unicode": "e682",
      "unicode_decimal": 59010
    },
    {
      "icon_id": "19844690",
      "name": "046-firework",
      "font_class": "046-firework",
      "unicode": "e683",
      "unicode_decimal": 59011
    },
    {
      "icon_id": "19844691",
      "name": "048-hanami",
      "font_class": "048-hanami",
      "unicode": "e684",
      "unicode_decimal": 59012
    },
    {
      "icon_id": "19844692",
      "name": "036-Sake",
      "font_class": "036-Sake",
      "unicode": "e685",
      "unicode_decimal": 59013
    },
    {
      "icon_id": "19844693",
      "name": "044-lights",
      "font_class": "044-lights",
      "unicode": "e686",
      "unicode_decimal": 59014
    },
    {
      "icon_id": "19844696",
      "name": "022-dont shake",
      "font_class": "022-dontshake",
      "unicode": "e687",
      "unicode_decimal": 59015
    },
    {
      "icon_id": "19844697",
      "name": "045-lights",
      "font_class": "045-lights",
      "unicode": "e688",
      "unicode_decimal": 59016
    },
    {
      "icon_id": "19902704",
      "name": "cityscape",
      "font_class": "cityscape",
      "unicode": "e689",
      "unicode_decimal": 59017
    },
    {
      "icon_id": "19902705",
      "name": "fields",
      "font_class": "fields",
      "unicode": "e68a",
      "unicode_decimal": 59018
    },
    {
      "icon_id": "19902712",
      "name": "mountains",
      "font_class": "mountains",
      "unicode": "e68b",
      "unicode_decimal": 59019
    },
    {
      "icon_id": "19902722",
      "name": "trees",
      "font_class": "trees",
      "unicode": "e68d",
      "unicode_decimal": 59021
    },
    {
      "icon_id": "19902723",
      "name": "beach",
      "font_class": "beach",
      "unicode": "e68c",
      "unicode_decimal": 59020
    },
    {
      "icon_id": "19902724",
      "name": "home",
      "font_class": "home",
      "unicode": "e68e",
      "unicode_decimal": 59022
    },
    {
      "icon_id": "19902725",
      "name": "windmills",
      "font_class": "windmills",
      "unicode": "e68f",
      "unicode_decimal": 59023
    },
    {
      "icon_id": "19902727",
      "name": "village",
      "font_class": "village",
      "unicode": "e690",
      "unicode_decimal": 59024
    },
    {
      "icon_id": "19902728",
      "name": "home-1",
      "font_class": "home-1",
      "unicode": "e691",
      "unicode_decimal": 59025
    },
    {
      "icon_id": "19902779",
      "name": "001-sunny",
      "font_class": "001-sunny",
      "unicode": "e692",
      "unicode_decimal": 59026
    },
    {
      "icon_id": "19902780",
      "name": "034-umbrella",
      "font_class": "034-umbrella",
      "unicode": "e693",
      "unicode_decimal": 59027
    },
    {
      "icon_id": "19902797",
      "name": "020-snowman",
      "font_class": "020-snowman",
      "unicode": "e694",
      "unicode_decimal": 59028
    },
    {
      "icon_id": "19902799",
      "name": "016-cloudy",
      "font_class": "016-cloudy",
      "unicode": "e695",
      "unicode_decimal": 59029
    },
    {
      "icon_id": "19902802",
      "name": "025-tree",
      "font_class": "025-tree",
      "unicode": "e696",
      "unicode_decimal": 59030
    },
    {
      "icon_id": "19902804",
      "name": "032-drop",
      "font_class": "032-drop",
      "unicode": "e697",
      "unicode_decimal": 59031
    },
    {
      "icon_id": "19902807",
      "name": "026-tree",
      "font_class": "026-tree",
      "unicode": "e698",
      "unicode_decimal": 59032
    },
    {
      "icon_id": "19902810",
      "name": "029-flower",
      "font_class": "029-flower",
      "unicode": "e699",
      "unicode_decimal": 59033
    },
    {
      "icon_id": "19902812",
      "name": "018-eclipse",
      "font_class": "018-eclipse",
      "unicode": "e69b",
      "unicode_decimal": 59035
    },
    {
      "icon_id": "19902817",
      "name": "038-tornado",
      "font_class": "038-tornado",
      "unicode": "e69c",
      "unicode_decimal": 59036
    },
    {
      "icon_id": "19902819",
      "name": "023-leaf",
      "font_class": "023-leaf",
      "unicode": "e69d",
      "unicode_decimal": 59037
    },
    {
      "icon_id": "19902822",
      "name": "024-wind",
      "font_class": "024-wind",
      "unicode": "e69e",
      "unicode_decimal": 59038
    },
    {
      "icon_id": "19902823",
      "name": "021-snow",
      "font_class": "021-snow",
      "unicode": "e69f",
      "unicode_decimal": 59039
    },
    {
      "icon_id": "19902826",
      "name": "030-flower",
      "font_class": "030-flower",
      "unicode": "e6a0",
      "unicode_decimal": 59040
    },
    {
      "icon_id": "700839",
      "name": "男生",
      "font_class": "nansheng",
      "unicode": "e648",
      "unicode_decimal": 58952
    },
    {
      "icon_id": "1696648",
      "name": "女生",
      "font_class": "nvsheng",
      "unicode": "e609",
      "unicode_decimal": 58889
    },
    {
      "icon_id": "3901163",
      "name": "男生",
      "font_class": "nansheng1",
      "unicode": "e604",
      "unicode_decimal": 58884
    },
    {
      "icon_id": "3901174",
      "name": "女生",
      "font_class": "nvsheng1",
      "unicode": "e605",
      "unicode_decimal": 58885
    },
    {
      "icon_id": "5219486",
      "name": "女孩",
      "font_class": "nvhai",
      "unicode": "e610",
      "unicode_decimal": 58896
    },
    {
      "icon_id": "5219492",
      "name": "男孩",
      "font_class": "nanhai",
      "unicode": "e611",
      "unicode_decimal": 58897
    },
    {
      "icon_id": "9170188",
      "name": "女孩子",
      "font_class": "nvhaizi",
      "unicode": "e69a",
      "unicode_decimal": 59034
    },
    {
      "icon_id": "12889065",
      "name": "男孩",
      "font_class": "nanhai1",
      "unicode": "e78a",
      "unicode_decimal": 59274
    },
    {
      "icon_id": "12889073",
      "name": "女生",
      "font_class": "nvsheng2",
      "unicode": "e78c",
      "unicode_decimal": 59276
    },
    {
      "icon_id": "17883995",
      "name": "造型女孩",
      "font_class": "zaoxingnvhai",
      "unicode": "e6d4",
      "unicode_decimal": 59092
    },
    {
      "icon_id": "19844651",
      "name": "003-sakura",
      "font_class": "003-sakura",
      "unicode": "e66c",
      "unicode_decimal": 58988
    }
  ]
}
